,unique_id,ds,AutoARIMA,AutoTBATS,AutoETS,LinearRegression,LGBMRegressor,XGBRegressor,RandomForestRegressor,TFT,NHITS,TimeGPT,TimeGPT_4,TimeGPT_6,TimeGPT_8,Unnamed: 0,timesfm,timesfm-q-0.1,timesfm-q-0.2,timesfm-q-0.3,timesfm-q-0.4,timesfm-q-0.5,timesfm-q-0.6,timesfm-q-0.7,timesfm-q-0.8,timesfm-q-0.9
0,Brno_1,2023-05-21,54021.95,51155.406,52632.645,53381.504,53166.508,52842.504,53234.55,51872.117,53853.16,50947.668,51471.348,51484.832,51448.47,0,52436.61,49662.824,50383.758,51344.703,52027.324,52436.61,53140.348,53792.758,54678.453,56299.164
1,Brno_1,2023-05-28,54021.95,50962.066,52632.797,53377.938,52005.25,52183.297,52917.53,51635.715,53987.273,50373.957,51077.895,51128.055,51117.8,1,52559.367,49349.676,50404.934,51225.5,51666.223,52559.367,53443.137,53907.47,55023.344,56684.438
2,Brno_1,2023-06-04,54021.95,50988.96,52632.914,53609.02,51492.164,51553.83,52579.453,51337.7,54551.18,50199.75,50920.2,50972.113,50967.98,2,52322.39,48711.375,50041.492,50975.21,51623.977,52322.39,52879.125,53731.39,54832.246,56584.83
3,Brno_1,2023-06-11,54021.95,51233.38,52633.008,54122.598,51669.438,51706.367,52600.19,51090.152,54943.793,50015.766,50744.223,50787.23,50779.86,3,52050.92,48161.652,49573.59,50496.074,51298.49,52050.92,52829.48,53747.2,54792.04,56605.742
4,Brno_1,2023-06-18,54021.95,51633.734,52633.086,53500.984,52849.996,52323.31,53565.332,50799.2,55299.406,49981.895,50672.188,50687.684,50661.867,4,52101.188,47960.387,49465.656,50615.945,51349.457,52101.188,53200.06,54237.137,55458.33,57699.246
5,Brno_1,2023-06-25,54021.95,52086.14,52633.15,54004.09,52453.676,51802.6,53195.48,50411.613,55458.54,49655.723,50321.348,50324.66,50294.242,5,52023.81,47635.12,49136.434,50384.133,51086.574,52023.81,52931.445,53853.047,55504.39,57871.57
6,Brno_1,2023-07-02,54021.95,52472.31,52633.195,54566.15,53136.43,52615.902,53426.05,49981.965,55519.51,49385.023,50012.105,50001.28,49961.535,6,51903.51,47407.43,49055.18,50185.918,51243.51,51903.51,53071.21,54109.062,55685.98,58124.902
7,Brno_1,2023-07-09,53824.336,52691.316,52633.234,53154.67,50904.71,50434.98,52203.34,49566.01,55760.062,48180.336,48827.04,48813.82,48769.637,7,51619.824,46845.97,48562.105,49694.098,50585.418,51619.824,52719.98,53764.16,55260.684,57786.67
8,Brno_1,2023-07-16,54021.95,52686.695,52633.266,54702.07,52071.41,51098.96,52603.49,49121.92,55877.883,49406.5,50367.133,50352.93,50280.684,8,52099.234,47084.62,48881.793,50107.06,51022.2,52099.234,52952.895,54311.67,55847.4,58632.996
9,Brno_1,2023-07-23,54021.95,52461.6,52633.29,54792.625,52759.098,50742.324,53086.816,48565.92,55817.12,49479.445,50473.96,50473.2,50407.906,9,52078.9,47128.16,48934.395,50097.363,51174.113,52078.9,53020.543,54301.918,56035.082,58509.9
10,Brno_1,2023-07-30,54021.95,52078.016,52633.31,55222.395,52289.37,50494.02,52889.08,47873.168,55438.973,49450.223,50445.12,50438.047,50372.36,10,52292.92,47465.95,48884.434,50374.83,51172.87,52292.92,53404.28,54204.055,56141.785,58753.035
11,Brno_1,2023-08-06,54021.95,51640.164,52633.33,55818.51,52833.758,49378.637,52742.227,47164.043,55524.582,49475.28,50450.7,50432.992,50366.293,11,52120.777,46916.477,48791.145,49952.242,50914.98,52120.777,53094.72,54256.18,56032.668,59040.05
12,Brno_1,2023-08-13,54021.95,51266.62,52633.34,56029.81,52811.48,49272.84,52839.785,46606.117,55950.49,49646.57,50590.973,50559.016,50481.06,12,52418.242,47234.797,49032.438,50254.008,51122.312,52418.242,53662.47,54975.984,56767.727,59757.65
13,Brno_1,2023-08-20,54021.95,51058.566,52633.348,55810.09,54114.92,49600.684,53277.836,46290.617,56492.984,49823.203,50739.58,50705.598,50631.594,13,52950.723,47697.707,49366.586,50633.848,51785.71,52950.723,54036.844,55563.316,57626.316,60867.32
14,Brno_1,2023-08-27,54021.95,51072.69,52633.36,56044.984,52939.258,49860.652,53343.617,46193.19,57225.867,49932.79,50822.3,50781.668,50699.598,14,53032.69,47240.094,48977.293,50460.426,51896.16,53032.69,54381.637,56173.27,57889.13,61146.293
15,Brno_1,2023-09-03,54021.95,51306.03,52633.363,56380.29,54444.043,50353.266,54088.207,46239.36,57747.957,50096.37,50976.74,50925.145,50834.684,15,53312.605,47011.47,48992.38,50673.855,51799.285,53312.605,54321.266,56178.53,58225.426,61772.027
16,Brno_1,2023-09-10,54021.95,51696.777,52633.37,56205.984,54696.82,50565.266,54581.508,46391.324,58181.3,50384.715,51451.953,51368.445,51221.184,16,53576.31,47342.164,49532.207,50820.76,52392.504,53576.31,54939.12,56643.023,58648.26,61994.28
17,Brno_1,2023-09-17,54021.95,52140.84,52633.375,56642.625,56158.902,50809.66,55392.746,46635.91,58472.902,50804.97,51848.754,51768.133,51619.3,17,54380.797,48038.81,50370.863,51810.094,53057.477,54380.797,55768.555,57456.977,59808.164,62740.418
18,Brno_1,2023-09-24,54021.95,52519.773,52633.375,56310.7,56141.56,50858.62,55660.824,46974.68,58450.47,50945.06,51902.84,51812.18,51663.01,18,54511.543,47865.117,50126.273,52075.79,53352.1,54511.543,55986.777,57761.53,59983.086,63328.15
19,Brno_1,2023-10-01,53777.0,52732.504,52633.38,56715.617,57655.832,52399.99,56788.652,47428.133,58437.445,51526.34,52437.547,52343.51,52198.855,19,54890.63,48107.12,50414.508,52089.414,53294.56,54890.63,56211.184,57747.887,59955.5,63201.15
20,Brno_1,2023-10-08,54021.95,52722.434,52633.383,57587.99,57425.203,52503.797,57235.133,48017.297,58431.418,51070.574,51917.2,51804.277,51645.38,20,54732.12,48528.36,50772.434,52291.58,53479.496,54732.12,56230.91,57773.836,59974.79,62748.37
21,Brno_1,2023-10-15,54021.95,52492.613,52633.383,58120.227,58802.05,52822.06,58083.043,48740.676,58548.184,51269.62,52036.008,51914.875,51754.957,21,54834.715,48330.01,50682.703,52006.86,53467.34,54834.715,56073.34,57745.72,59491.06,62780.76
22,Brno_1,2023-10-22,54021.95,52104.92,52633.387,58416.816,58301.965,52737.86,58508.133,49540.363,58996.215,51122.867,51870.496,51735.023,51564.14,22,55159.652,48278.73,50759.18,52401.523,53858.19,55159.652,56658.207,58216.406,60344.098,63505.01
23,Brno_1,2023-10-29,53777.0,51663.508,52633.387,57929.48,58583.9,53738.67,58740.402,50322.047,59193.53,51524.9,52304.945,52165.89,51990.61,23,54940.523,47725.08,50324.406,52007.91,53484.457,54940.523,56279.465,58061.688,60104.617,63390.105
24,Brno_1,2023-11-05,54021.95,51286.875,52633.387,58491.47,59943.117,54191.242,59603.6,51076.707,59680.652,51073.523,52211.383,52076.58,51869.88,24,54955.45,47802.766,50199.445,51990.07,53332.656,54955.45,56344.54,58029.02,60346.945,63741.875
25,Brno_1,2023-11-12,54021.95,51076.14,52633.387,58696.055,60258.453,54513.184,60558.01,51814.645,59699.137,51118.113,52239.395,52099.543,51887.59,25,55069.11,47996.12,50398.95,52038.625,53670.29,55069.11,56794.816,58391.14,60777.293,64295.637
26,Brno_1,2023-11-19,53923.145,51087.94,52633.387,58369.312,61724.83,55155.977,61378.473,52415.04,59576.457,53239.938,54227.566,54074.113,53858.18,26,55237.934,48137.53,50620.07,52510.18,53812.254,55237.934,56748.402,58405.273,60809.742,64358.33
27,Brno_1,2023-11-26,54021.95,51319.266,52633.387,58539.16,61267.105,54522.58,61609.37,52815.832,58996.17,51053.145,52142.02,52004.367,51808.3,27,55416.77,47983.836,50557.082,52348.73,54038.473,55416.77,57112.207,58618.934,61068.094,64577.73
28,Brno_1,2023-12-03,54021.95,51708.26,52633.39,58928.438,62289.08,55542.438,62818.96,53094.31,58542.2,51995.844,52961.656,52796.926,52581.76,28,55286.74,47725.734,50311.664,52228.73,53634.52,55286.74,57054.273,58733.58,61368.684,64929.25
29,Brno_1,2023-12-10,54021.95,52150.805,52633.39,59121.344,60258.277,56152.754,63388.11,53334.027,58390.07,52104.684,53023.77,52849.816,52637.883,29,55321.875,47410.62,50174.33,52012.17,53950.117,55321.875,56985.04,58918.38,61381.15,65422.754
30,Brno_1,2023-12-17,54021.95,52528.418,52633.39,59327.277,61338.066,57099.887,64212.82,53596.977,58531.746,51544.23,52517.145,52327.82,52096.92,30,55031.7,47231.883,50254.594,52006.52,53494.176,55031.7,56795.473,58674.504,60926.14,64943.29
31,Brno_1,2023-12-24,53923.145,52740.004,52633.39,58637.125,60545.652,55389.02,63943.19,53892.47,58832.49,50462.758,51798.93,51675.617,51488.15,31,53813.805,46506.24,48920.53,51070.145,52422.574,53813.805,55518.27,57285.312,59752.81,63485.438
32,Brno_1,2023-12-31,53777.0,52728.94,52633.39,57653.97,59467.61,56328.332,63776.94,54137.508,59178.305,50743.74,52467.87,52329.74,52100.695,32,53018.004,45497.49,48011.2,49956.297,51453.227,53018.004,54699.836,56444.984,58552.793,62347.918
33,Brno_1,2024-01-07,53777.0,52498.26,52633.39,57735.344,61231.297,57137.12,64794.703,54288.35,59584.355,52936.97,54947.465,54817.207,54531.836,33,52671.438,45116.27,47750.406,49741.984,51178.688,52671.438,54474.72,55918.16,58508.434,62043.062
34,Brno_1,2024-01-14,54021.95,52109.824,52633.39,58097.348,61670.766,57809.363,65941.64,54368.8,59440.184,52427.176,54344.65,54217.03,53946.754,34,53733.273,45869.86,48608.33,50571.555,52338.066,53733.273,55507.54,57406.023,59880.96,63861.816
35,Brno_1,2024-01-21,54021.95,51667.76,52633.39,58346.168,63172.08,59109.867,67148.46,54409.246,59213.0,52491.6,54376.434,54238.277,53981.67,35,54348.074,46441.4,49325.848,51243.395,52936.375,54348.074,56328.918,58361.87,60613.457,65032.938
36,Brno_1,2024-01-28,54021.95,51290.566,52633.39,58562.598,63539.125,60344.633,67728.59,54428.695,59291.46,52506.195,54316.535,54165.168,53903.312,36,54517.91,46439.152,49126.754,51119.16,52881.61,54517.91,56291.062,58253.79,61053.293,65109.39
37,Brno_1,2024-02-04,54021.95,51079.344,52633.39,58907.598,63927.992,60142.83,68034.414,54437.47,59025.137,52457.88,54212.574,54070.094,53826.613,37,54498.723,46314.44,49180.523,51227.508,52834.684,54498.723,56108.97,58118.934,60654.203,65037.027
38,Brno_1,2024-02-11,53380.45,51090.723,52633.39,57941.664,63853.73,59696.6,67932.05,54441.164,59467.18,52406.95,54150.332,54008.83,53764.246,38,54388.164,46223.637,49084.535,51003.113,52522.906,54388.164,55896.094,58006.387,60533.79,64651.35
39,Brno_1,2024-02-18,54021.95,51321.676,52633.39,58262.55,64114.043,59582.098,68039.94,54442.926,59848.203,52148.207,53911.133,53761.273,53506.926,39,54475.11,46398.094,49167.516,51240.234,52828.906,54475.11,56354.008,58235.508,60785.23,65226.652
40,Brno_1,2024-02-25,54021.95,51710.35,52633.39,58059.473,63222.152,58525.83,67297.65,54444.633,59615.945,51864.062,53642.523,53497.848,53231.086,40,54155.96,46087.945,48912.51,50886.324,52564.133,54155.96,55802.207,57797.805,60279.285,64573.03
41,Brno_1,2024-03-03,54021.95,52152.62,52633.39,58078.984,63506.28,59109.617,67726.625,54447.457,60264.555,51860.805,53608.555,53470.41,53211.715,41,53764.79,45941.945,48714.914,50573.098,52215.348,53764.79,55468.56,57217.72,59897.375,64128.777
42,Brno_1,2024-03-10,54021.95,52529.992,52633.39,58099.797,63402.465,59267.957,68031.02,54452.176,61043.25,51927.305,53581.44,53431.64,53175.17,42,53631.17,45767.832,48703.832,50571.67,52223.26,53631.17,55848.08,57505.332,60233.676,64284.56
43,Brno_1,2024-03-17,54021.95,52741.37,52633.39,57921.074,62987.65,59044.76,68137.78,54459.23,60946.066,51756.688,53345.734,53191.04,52941.37,43,53948.918,45846.42,48597.0,50546.004,52326.914,53948.918,55559.453,57521.977,60271.566,64595.797
44,Prague_1,2023-05-21,65824.71,61596.86,62976.55,63486.254,63675.254,63454.902,63660.66,62942.21,64234.832,61363.02,62005.69,61983.55,61894.9,44,62458.785,59022.02,60030.938,61165.066,61982.863,62458.785,63314.0,64303.035,65559.76,66903.48
45,Prague_1,2023-05-28,65824.71,61479.203,62976.703,63624.19,62937.22,62946.258,63427.54,62709.77,64467.95,60656.297,61576.113,61598.29,61527.906,45,61083.77,57258.043,58378.4,59321.61,60133.09,61083.77,62187.406,62868.547,63850.32,65669.48
46,Prague_1,2023-06-04,65824.71,61443.168,62976.824,63637.695,61901.223,62450.887,62907.27,62390.543,65193.11,60154.336,61135.133,61147.4,61078.273,46,59932.52,55776.863,57202.1,58082.06,58851.61,59932.52,60658.125,61489.418,62761.008,64218.418
47,Prague_1,2023-06-11,65824.71,61499.69,62976.92,63306.305,61221.246,61473.848,62096.97,62088.117,65734.695,59816.8,60770.77,60766.97,60694.984,47,58637.973,54167.27,55913.465,57006.145,58004.855,58637.973,59715.645,60367.22,61636.047,63052.434
48,Prague_1,2023-06-18,65824.71,61634.74,62977.0,63167.215,62224.535,62731.023,63091.047,61723.5,66163.6,59550.223,60513.45,60500.715,60424.062,48,57859.727,53290.67,54954.945,56285.457,57080.926,57859.727,59145.516,60299.297,61472.594,63173.918
49,Prague_1,2023-06-25,65824.71,61813.11,62977.062,63531.64,61921.332,62291.72,62880.938,61222.46,66377.32,58572.785,59558.113,59555.254,59496.66,49,56859.973,51695.176,53818.957,54808.723,55828.43,56859.973,57682.984,58507.633,60234.848,61960.344
50,Prague_1,2023-07-02,65824.71,61987.863,62977.11,64053.54,61645.402,62213.516,62719.617,60601.207,66496.47,57194.37,58238.38,58260.027,58216.78,50,55739.562,50652.113,52819.938,53825.402,54932.195,55739.562,56661.402,57795.777,58982.99,60680.6
51,Prague_1,2023-07-09,64352.24,62112.93,62977.152,62953.008,59602.445,60158.066,61549.797,59964.1,66849.67,54640.87,55786.125,55839.62,55822.426,51,54566.098,49664.84,51165.91,52703.688,53724.832,54566.098,55723.707,56787.785,57510.01,59067.977
52,Prague_1,2023-07-16,65824.71,62155.45,62977.184,64276.14,60312.11,59763.434,61348.777,59334.176,67077.15,56405.21,58031.207,58010.47,57868.92,52,54503.863,49016.125,51026.53,52335.383,53324.133,54503.863,55070.957,56255.637,57497.664,59408.23
53,Prague_1,2023-07-23,65824.71,62104.613,62977.207,64289.13,60672.08,60668.598,61880.605,58669.996,67094.93,56550.004,58360.99,58374.566,58252.383,53,53947.88,48292.53,50407.43,51805.902,52928.734,53947.88,54845.016,55906.918,57374.535,58885.766
54,Prague_1,2023-07-30,65824.71,61974.543,62977.23,64884.51,61046.367,60817.234,61836.895,57957.16,66551.555,56652.504,58486.24,58476.85,58338.54,54,54139.336,48780.906,50502.355,51995.066,52757.32,54139.336,55167.12,56022.53,57377.344,59487.637
55,Prague_1,2023-08-06,65824.71,61800.535,62977.246,65388.02,61253.785,61327.03,62181.164,57225.113,66589.305,56860.1,58651.637,58638.39,58505.62,55,53641.324,48073.92,50442.652,51565.23,52402.26,53641.324,54460.14,55546.695,56860.703,59033.17
56,Prague_1,2023-08-13,65824.71,61629.6,62977.258,65352.816,60653.668,61152.76,62161.086,56507.684,66937.73,57237.547,58975.05,58938.9,58790.797,56,54061.848,49026.543,50810.254,51900.258,52734.66,54061.848,55033.66,56207.06,57632.926,59592.72
57,Prague_1,2023-08-20,65824.71,61507.887,62977.27,65225.89,61473.723,61175.523,62313.066,55833.973,67579.7,57630.51,59301.902,59259.453,59121.78,57,54990.812,49736.598,51411.824,52810.297,53724.61,54990.812,56101.17,57573.105,58709.973,61018.2
58,Prague_1,2023-08-27,65824.71,61468.297,62977.277,65293.504,60719.703,60708.08,62336.566,55340.215,68648.19,57817.47,59467.17,59418.94,59276.008,58,55396.848,49907.1,51722.035,53188.082,54524.4,55396.848,56600.465,58190.137,59552.66,61550.996
59,Prague_1,2023-09-03,65824.71,61521.703,62977.285,65649.79,62284.117,62333.383,63178.695,55169.293,69307.63,58336.2,59966.973,59919.42,59773.93,59,55599.363,49737.164,51827.562,53265.32,54092.74,55599.363,56518.08,58130.527,59495.945,62186.09
60,Prague_1,2023-09-10,65824.71,61654.023,62977.29,65568.33,62137.566,62856.086,63825.957,55315.52,70053.734,59381.99,60774.57,60657.832,60437.258,60,56375.73,50439.76,52593.844,53718.918,55175.21,56375.73,57425.297,58894.547,60582.15,62787.707
61,Prague_1,2023-09-17,65824.71,61830.004,62977.293,65929.77,63582.42,63819.766,64465.617,55753.363,70571.734,60250.44,61312.918,61189.094,60974.266,61,57517.566,51743.61,53668.72,54901.85,56370.305,57517.566,58773.473,60033.46,62125.887,63865.36
62,Prague_1,2023-09-24,65824.71,62002.664,62977.297,65567.18,63298.04,62753.066,64690.508,56460.695,70631.84,60614.145,61447.27,61308.902,61096.72,62,57508.973,51459.867,53633.027,55186.684,56513.566,57508.973,58813.79,60283.496,61924.31,64502.703
63,Prague_1,2023-10-01,64102.0,62125.89,62977.3,65965.26,65266.008,64398.652,65913.33,57368.06,70732.85,61757.664,62474.152,62320.527,62109.53,63,58705.473,51879.074,54446.258,55858.89,57331.62,58705.473,59921.438,61493.043,62965.87,65364.816
64,Prague_1,2023-10-08,65824.71,62166.805,62977.3,66761.414,65320.703,64746.383,66346.51,58382.656,70701.78,61039.57,61742.75,61569.727,61342.652,64,59106.875,52579.4,55010.062,56660.312,57642.008,59106.875,60288.668,61748.855,63619.63,65821.734
65,Prague_1,2023-10-15,65824.71,62114.562,62977.305,67238.57,66626.64,65344.54,67123.83,59434.227,70900.836,61195.574,61805.523,61627.617,61407.355,65,59566.297,53051.375,55557.418,56785.4,58162.44,59566.297,60600.805,62224.074,63486.812,66355.06
66,Prague_1,2023-10-22,65824.71,61983.258,62977.305,67546.2,65735.6,65341.824,67543.375,60507.957,71517.33,60955.633,61676.168,61481.074,61239.93,66,60035.33,53434.125,55894.812,57307.434,58664.0,60035.33,61142.355,62556.734,64206.758,66453.9
67,Prague_1,2023-10-29,64102.0,61808.168,62977.305,66964.25,66104.01,66098.336,67726.16,61564.246,71754.64,61405.598,62314.453,62113.613,61857.656,67,59687.94,53233.145,55485.344,57101.484,58480.453,59687.94,61050.754,62527.137,64176.152,66333.04
68,Prague_1,2023-11-05,65824.71,61636.29,62977.31,67520.53,67479.08,66524.89,68670.875,62443.65,72193.945,60751.35,61647.266,61417.547,61123.617,68,60241.266,52977.84,55769.72,57299.367,58559.88,60241.266,61490.395,62868.664,64612.777,67334.05
69,Prague_1,2023-11-12,65824.71,61513.746,62977.31,67719.98,67891.94,67227.13,69598.33,63079.605,72302.97,61305.043,61983.195,61762.633,61481.895,69,60445.824,52986.1,55843.38,57512.51,59125.145,60445.824,62129.99,63689.645,65369.58,67928.97
70,Prague_1,2023-11-19,65088.477,61473.43,62977.31,67356.49,69045.05,67376.18,70389.61,63525.188,72208.99,64379.523,64964.867,64744.973,64471.105,70,60996.445,53817.027,56436.367,58294.562,59682.637,60996.445,62408.31,63832.105,65957.336,68666.75
71,Prague_1,2023-11-26,65824.71,61526.2,62977.31,67511.73,68438.07,66469.35,70675.81,63849.203,71518.54,62164.625,62545.117,62307.305,62025.22,71,60847.8,53817.184,56587.746,58029.38,59729.895,60847.8,62494.36,63625.613,65863.09,68221.97
72,Prague_1,2023-12-03,65824.71,61657.96,62977.31,67875.84,69366.96,67439.17,71894.91,64122.37,70914.6,62704.707,62932.816,62684.324,62400.08,72,61322.02,54002.68,56639.73,58637.797,60171.32,61322.02,62940.348,64567.605,66348.98,68761.8
73,Prague_1,2023-12-10,65824.71,61833.453,62977.31,68017.84,68423.4,67881.93,72498.13,64441.58,70636.78,63154.79,63185.535,62940.984,62674.06,73,61834.996,54496.383,57223.05,58713.54,60526.117,61834.996,63419.094,64934.61,66795.08,69751.414
74,Prague_1,2023-12-17,65824.71,62005.684,62977.31,68191.12,69648.79,68935.39,73368.42,64869.207,70725.59,63411.06,63306.797,63052.023,62778.527,74,61823.484,54679.49,57446.73,59235.29,60780.723,61823.484,63566.13,64952.57,66948.68,69715.92
75,Prague_1,2023-12-24,65088.477,62128.54,62977.31,67480.69,69733.13,67272.3,73064.67,65295.13,71055.86,65544.49,65901.555,65670.73,65402.715,75,60004.074,53457.31,55762.74,57770.95,59003.082,60004.074,61592.777,62775.71,64872.758,67249.73
76,Prague_1,2023-12-31,64102.0,62169.125,62977.31,66451.36,68156.68,67759.85,72865.18,65637.35,71426.6,62405.965,63261.016,63087.156,62828.58,76,57942.59,51414.703,53762.258,55446.004,56527.1,57942.59,59037.58,60657.86,61903.316,64613.984
77,Prague_1,2024-01-07,64102.0,62116.594,62977.31,66518.695,70560.664,69247.55,73967.6,65897.914,71976.14,62177.22,63213.41,63067.32,62842.293,77,57940.76,51369.125,53673.895,55442.688,56741.1,57940.76,59471.54,60564.164,62745.05,64823.906
78,Prague_1,2024-01-14,65824.71,61985.04,62977.31,66854.086,70652.52,69876.28,75187.36,66083.805,71781.57,62215.54,62769.793,62508.54,62225.137,78,60403.445,53280.242,55735.48,57580.883,59327.08,60403.445,61919.098,63536.19,65304.742,68049.586
79,Prague_1,2024-01-21,65824.71,61809.73,62977.31,67073.91,72294.93,71085.47,76309.65,66204.875,71515.51,62704.574,62973.02,62676.918,62376.418,79,62426.234,55374.77,58025.37,59567.21,61115.785,62426.234,64028.383,65657.88,67308.86,70437.055
80,Prague_1,2024-01-28,65824.71,61637.656,62977.31,67270.35,73278.9,72317.97,76853.4,66278.61,71613.3,62649.75,62954.12,62652.55,62347.234,80,62199.06,55632.32,57996.93,59517.4,61136.387,62199.06,63726.695,65411.35,67570.375,70226.73
81,Prague_1,2024-02-04,65824.71,61514.94,62977.31,67589.62,73552.695,71911.72,77121.57,66322.65,71323.19,62207.42,62663.707,62388.92,62106.03,81,62703.99,55704.35,58210.492,59932.297,61098.3,62703.99,64090.965,65500.934,67359.08,70404.125
82,Prague_1,2024-02-11,65824.71,61474.477,62977.31,67620.89,72909.95,72348.16,77041.164,66350.0,71698.47,61806.523,62365.31,62109.574,61835.875,82,62933.56,55782.69,58473.223,60020.26,61198.344,62933.56,64012.258,65650.85,67714.84,70630.92
83,Prague_1,2024-02-18,65237.38,61527.117,62977.31,66689.336,72896.04,71405.52,76949.13,66369.266,72224.336,61558.742,62221.38,61972.27,61704.46,83,62559.65,55971.12,58206.39,59890.914,61102.664,62559.65,63972.2,65402.58,67411.41,70383.67
84,Prague_1,2024-02-25,65237.38,61658.766,62977.31,65658.3,71764.234,70765.734,76121.89,66385.76,71814.32,61296.133,62257.492,62011.04,61718.895,84,62528.88,55918.574,58199.137,59802.285,61000.58,62528.88,63832.727,65454.152,67024.59,70062.44
85,Prague_1,2024-03-03,65824.71,61834.156,62977.31,65788.555,72475.97,70095.555,76554.83,66401.41,72564.69,61373.527,62321.984,62089.965,61812.17,85,62036.023,55833.207,57989.97,59453.324,60697.61,62036.023,63253.91,64594.902,66769.35,69101.65
86,Prague_1,2024-03-10,65824.71,62006.305,62977.31,65676.05,72062.4,70653.29,76935.8,66413.63,73507.625,61643.844,62501.4,62252.273,61966.16,86,61827.08,55779.07,58132.234,59286.3,61073.69,61827.08,63843.902,65070.824,67217.45,69844.07
87,Prague_1,2024-03-17,65824.71,62129.082,62977.31,65610.24,72083.01,70667.8,77000.75,66416.29,73510.08,61591.02,62401.37,62152.71,61871.0,87,62941.535,56132.547,58647.91,60203.355,61376.434,62941.535,64199.2,65859.25,68398.414,71522.12
88,Prague_2,2023-05-21,39257.84,37156.46,38067.02,38559.207,38009.844,37873.965,38235.41,37693.1,38674.062,36963.14,37284.965,37267.72,37219.14,88,38182.61,35895.805,36513.023,37198.22,37695.438,38182.61,38687.145,39323.59,40124.477,41143.555
89,Prague_2,2023-05-28,39257.84,37086.797,38067.15,38577.777,37563.4,37365.008,38020.6,37556.902,38804.105,36612.33,37082.98,37087.312,37047.504,89,37105.836,34604.566,35385.21,35936.164,36512.707,37105.836,37905.99,38381.516,39167.42,40507.508
90,Prague_2,2023-06-04,39257.84,37098.035,38067.25,38771.723,37454.027,37206.016,37792.203,37366.168,39234.746,36300.45,36808.62,36817.45,36782.203,90,36731.887,33875.965,34827.652,35549.91,35968.53,36731.887,37187.566,37948.414,38770.754,40012.492
91,Prague_2,2023-06-11,39257.84,37191.863,38067.332,38760.035,37385.387,37221.71,37850.383,37174.867,39559.62,36154.11,36653.445,36653.957,36615.547,91,35738.125,32604.121,33745.77,34524.37,35213.38,35738.125,36592.984,37099.375,38047.066,38965.39
92,Prague_2,2023-06-18,39257.84,37347.26,38067.4,38834.32,37961.492,37163.832,38729.723,36943.938,39815.836,36070.055,36565.9,36551.29,36502.152,92,35642.12,32323.658,33514.21,34479.734,34998.035,35642.12,36588.035,37190.797,38288.336,39601.246
93,Prague_2,2023-06-25,39257.84,37526.203,38067.45,38938.277,37349.332,36504.85,38277.574,36647.094,39927.35,35663.43,36181.375,36169.54,36128.25,93,35067.65,31267.486,32782.016,33581.824,34219.34,35067.65,35747.84,36330.31,37499.91,38997.97
94,Prague_2,2023-07-02,39257.84,37683.92,38067.492,39798.28,37281.566,36610.13,38479.594,36297.383,39959.434,35211.746,35725.742,35714.453,35671.145,94,34438.125,30737.092,32311.469,33016.156,33769.8,34438.125,35182.543,35964.64,36927.316,38367.742
95,Prague_2,2023-07-09,38494.145,37780.938,38067.527,38919.08,35703.62,37004.42,37749.223,35958.8,40147.277,34045.51,34597.01,34590.598,34552.32,95,33935.09,30285.355,31509.98,32436.7,33312.633,33935.09,34819.086,35553.777,36340.523,37616.7
96,Prague_2,2023-07-16,39257.84,37793.707,38067.555,39953.184,36375.734,36678.16,38049.254,35641.996,40274.098,35108.117,35866.0,35836.316,35750.21,96,33955.836,29985.834,31402.615,32347.17,33175.723,33955.836,34629.1,35521.426,36487.12,37978.055
97,Prague_2,2023-07-23,39257.84,37720.95,38067.574,40282.414,36630.363,36855.023,38183.594,35304.88,40276.805,35189.082,36009.027,35993.86,35916.5,97,33845.406,29717.17,31250.027,32195.54,33131.234,33845.406,34552.973,35347.145,36525.65,37877.35
98,Prague_2,2023-07-30,39257.84,37584.047,38067.59,40625.71,36336.477,36467.758,37956.895,34912.914,39989.19,35264.664,36091.883,36077.027,36001.844,98,33865.33,30040.312,31293.938,32449.363,33027.008,33865.33,34822.61,35542.707,36569.594,38215.98
99,Prague_2,2023-08-06,39257.84,37421.336,38067.605,41234.957,36840.8,36221.547,38008.434,34473.1,40036.902,35370.246,36175.46,36151.215,36075.668,99,34069.387,29792.447,31546.893,32388.889,33112.7,34069.387,34744.066,35673.223,36670.51,38446.688
100,Prague_2,2023-08-13,39257.84,37277.863,38067.617,41418.863,36197.15,36837.91,38135.992,34004.18,40289.496,35573.656,36348.867,36309.36,36222.945,100,34086.88,30018.717,31431.783,32261.879,33053.062,34086.88,34931.59,35813.555,36856.473,38417.98
101,Prague_2,2023-08-20,39257.84,37193.348,38067.625,41488.5,37074.69,37183.39,38638.23,33575.65,40687.473,35725.125,36483.566,36441.06,36355.746,101,34481.43,30291.371,31779.105,32807.445,33443.965,34481.43,35111.027,36255.098,37327.098,39033.637
102,Prague_2,2023-08-27,39257.84,37191.555,38067.633,41566.156,36311.35,36609.742,38595.332,33328.457,41293.58,35817.156,36550.246,36506.758,36421.824,102,34556.24,30541.87,31919.934,32939.07,33957.14,34556.24,35398.12,36760.29,37665.805,39165.188
103,Prague_2,2023-09-03,39257.84,37273.94,38067.637,42091.332,37755.9,38001.844,39396.98,33268.953,41683.02,36001.5,36713.64,36663.414,36571.902,103,34837.793,30431.65,32077.254,33007.543,33728.547,34837.793,35494.68,36731.598,37757.492,39544.75
104,Prague_2,2023-09-10,39257.84,37419.297,38067.64,42042.688,38245.168,38727.758,39944.69,33340.477,42081.785,36285.137,37084.87,37015.14,36888.184,104,34904.254,30538.783,32089.504,32856.258,33978.074,34904.254,35707.707,36799.965,37901.016,39576.617
105,Prague_2,2023-09-17,39257.84,37589.426,38067.645,42407.1,39376.477,39398.816,40697.3,33525.27,42355.25,36546.42,37310.12,37248.598,37129.355,105,35232.496,31276.6,32468.791,33377.535,34411.918,35232.496,36052.016,36971.336,38381.703,39662.215
106,Prague_2,2023-09-24,39257.84,37739.41,38067.65,42220.785,39569.906,39441.246,40957.18,33829.242,42391.273,36683.625,37369.99,37308.34,37194.566,106,35218.062,31148.027,32457.615,33576.023,34412.203,35218.062,36281.207,37186.246,38320.582,40167.043
107,Prague_2,2023-10-01,38606.0,37829.64,38067.652,42590.28,41134.668,40817.793,42025.47,34249.83,42429.676,37306.55,37949.117,37883.4,37772.797,107,35703.535,30971.459,32652.242,33668.44,34598.5,35703.535,36510.39,37537.65,38681.934,40428.848
108,Prague_2,2023-10-08,39257.84,37836.45,38067.652,43484.82,41194.258,41406.67,42491.74,34770.406,42424.7,36835.996,37436.34,37359.316,37238.305,108,35623.18,31260.99,32797.45,33987.887,34775.4,35623.18,36609.89,37608.816,38918.332,40478.75
109,Prague_2,2023-10-15,39257.84,37758.465,38067.656,44046.59,41957.926,41912.84,43258.77,35374.746,42522.746,36881.395,37436.582,37355.758,37237.58,109,35705.85,31328.56,32990.28,33792.43,34822.62,35705.85,36481.547,37530.82,38476.535,40455.61
110,Prague_2,2023-10-22,39257.84,37616.973,38067.656,44455.78,41215.188,41672.5,43643.58,36039.26,42846.938,36836.945,37370.84,37279.383,37154.74,110,36049.76,31491.498,33102.13,34169.727,35102.242,36049.76,36858.793,37790.438,39017.64,40674.715
111,Prague_2,2023-10-29,38606.0,37450.23,38067.656,43949.438,41380.28,42131.902,43812.367,36703.21,42979.19,37291.11,37834.137,37735.62,37602.727,111,35802.39,31239.725,32841.402,33887.227,34853.88,35802.39,36732.188,37776.523,38958.52,40583.15
112,Prague_2,2023-11-05,39257.84,37303.227,38067.656,44627.16,42656.004,42591.816,44701.297,37266.08,43266.883,36774.14,37445.47,37339.4,37184.996,112,35813.816,30828.672,32618.992,33686.82,34655.086,35813.816,36719.453,37642.316,39007.566,41209.434
113,Prague_2,2023-11-12,39257.84,37215.61,38067.656,44865.727,43273.742,43664.52,45573.676,37680.43,43293.406,36882.63,37559.766,37456.867,37304.062,113,35751.57,30563.555,32361.648,33689.777,34737.51,35751.57,37011.355,38192.26,39500.81,41519.63
114,Prague_2,2023-11-19,38875.992,37211.09,38067.66,44556.426,43879.22,43952.668,46401.117,37966.72,43213.895,38569.676,39240.258,39136.1,38981.703,114,35789.32,30567.922,32507.625,33696.676,34844.547,35789.32,36852.094,38079.883,39385.414,41700.586
115,Prague_2,2023-11-26,39257.84,37291.086,38067.66,44800.047,43049.02,43245.55,46620.777,38171.332,42794.9,37145.066,37780.344,37665.875,37506.38,115,35104.02,30111.334,31963.426,33114.176,34325.81,35104.02,36366.492,37381.45,38925.164,40931.74
116,Prague_2,2023-12-03,39257.84,37434.344,38067.66,45201.137,44172.336,44056.953,47802.38,38345.195,42459.74,37452.348,38063.29,37949.613,37792.28,116,35547.062,30365.684,32242.32,33591.69,34508.33,35547.062,36713.13,37822.605,39275.293,41220.82
117,Prague_2,2023-12-10,39257.84,37602.633,38067.66,45431.27,44000.93,44450.32,48297.34,38541.44,42330.77,37646.883,38237.94,38126.715,37978.78,117,35976.06,30732.09,32620.357,33723.29,34977.555,35976.06,37119.535,38231.914,39674.684,41923.188
118,Prague_2,2023-12-17,39257.84,37751.0,38067.66,45671.742,44868.168,45871.16,49183.33,38797.355,42399.285,37782.71,38343.598,38234.082,38086.527,118,35911.574,30838.928,32813.08,33965.945,35013.42,35911.574,37201.656,38131.793,39557.58,41746.19
119,Prague_2,2023-12-24,38875.992,37839.812,38067.66,45034.438,44555.59,45155.29,48970.316,39073.15,42588.29,39291.688,39872.023,39761.44,39612.965,119,34828.906,30229.982,31725.498,33130.5,34043.742,34828.906,36081.797,36878.24,38322.68,40325.812
120,Prague_2,2023-12-31,38606.0,37845.38,38067.66,44073.176,43199.12,45920.82,48843.527,39296.727,42804.79,37984.65,38683.996,38577.484,38424.0,120,34291.42,29450.129,31073.84,32339.078,33210.453,34291.42,35199.992,36320.65,37343.535,39363.777
121,Prague_2,2024-01-07,38606.0,37766.3,38067.66,44223.836,44866.5,47338.652,49915.707,39453.27,43103.31,37794.586,38563.3,38472.832,38331.027,121,34639.75,29703.598,31513.723,32726.871,33793.926,34639.75,35875.133,36692.69,38356.37,40141.902
122,Prague_2,2024-01-14,39257.84,37623.85,38067.66,44614.223,45078.246,48108.293,50994.56,39552.938,43013.105,37285.41,38033.332,37943.7,37808.754,122,36014.887,30816.615,32558.8,33896.68,35209.92,36014.887,37130.793,38380.39,39674.703,41934.41
123,Prague_2,2024-01-21,39257.84,37456.27,38067.66,44900.473,46547.7,49222.84,52077.7,39610.79,42859.555,37375.04,38073.99,37976.62,37839.777,123,36985.984,31830.305,33676.57,34721.027,35985.52,36985.984,38080.47,39266.266,40435.035,42866.875
124,Prague_2,2024-01-28,39257.84,37308.523,38067.66,45161.12,46317.074,49915.047,52572.13,39642.15,42917.516,37409.906,38069.12,37966.094,37827.98,124,36472.496,31670.469,33344.773,34272.914,35551.38,36472.496,37566.316,38646.44,40146.664,42065.32
125,Prague_2,2024-02-04,39257.84,37220.258,38067.66,45532.953,46800.188,48830.707,52830.938,39658.418,42739.01,37285.27,37961.15,37860.688,37725.89,125,36645.867,31682.932,33391.234,34702.098,35620.96,36645.867,37517.28,38607.246,39925.734,42070.984
126,Prague_2,2024-02-11,39257.84,37215.17,38067.66,45634.79,46701.383,48513.863,52806.867,39666.594,42990.39,37159.246,37831.938,37730.45,37595.258,126,36961.723,31771.506,33738.797,34851.906,35614.098,36961.723,37832.406,38946.72,40516.938,42544.81
127,Prague_2,2024-02-18,38891.508,37294.668,38067.66,44765.01,46636.367,46948.027,52879.117,39670.742,43283.156,37122.3,37803.19,37704.35,37572.824,127,37061.035,32045.34,33692.473,35046.656,36039.93,37061.035,38137.887,39240.38,40543.81,42864.47
128,Prague_2,2024-02-25,39257.84,37437.49,38067.66,44829.234,45797.42,47262.066,52270.15,39673.418,43057.527,37001.363,37791.62,37690.953,37545.53,128,37090.047,32029.11,33709.914,35031.31,36084.92,37090.047,38123.293,39397.965,40534.797,43041.945
129,Prague_2,2024-03-03,39257.84,37605.395,38067.66,44826.05,45478.2,47218.23,52762.887,39676.45,43519.574,37042.12,37821.43,37725.504,37585.38,129,36849.55,31903.107,33685.883,34792.355,35819.17,36849.55,37874.477,38904.367,40415.816,42487.656
130,Prague_2,2024-03-10,39257.84,37753.42,38067.66,44812.023,45880.562,47388.08,53050.547,39680.984,44076.47,37111.008,37882.26,37783.883,37643.797,130,36743.457,32005.436,33759.87,34806.414,35998.76,36743.457,38178.98,39172.914,40799.812,42823.77
131,Prague_2,2024-03-17,39257.84,37841.938,38067.66,44781.57,45604.414,47057.26,53146.695,39686.8,44047.89,37021.113,37783.836,37685.227,37550.613,131,37266.36,31958.982,33865.79,35063.004,36020.29,37266.36,38298.5,39495.62,41173.01,43539.746
132,Prague_3,2023-05-21,36354.754,34202.676,34934.96,35456.168,34863.65,34713.42,35298.72,34209.742,35761.453,33941.73,34279.508,34272.99,34228.277,132,34720.715,32845.586,33342.746,33975.676,34382.043,34720.715,35163.465,35669.97,36294.59,37027.816
133,Prague_3,2023-05-28,36354.754,34206.863,34935.094,35710.805,34295.344,34144.36,35035.95,34066.934,35861.27,33546.95,34037.84,34051.227,34017.332,133,33747.543,31676.033,32294.904,32710.902,33207.77,33747.543,34421.105,34712.156,35259.832,36289.27
134,Prague_3,2023-06-04,36354.754,34243.082,34935.2,35865.875,34074.555,33767.09,34914.22,33884.613,36231.402,33317.637,33832.992,33845.617,33812.38,134,33339.934,30984.723,31776.34,32281.406,32715.82,33339.934,33645.65,34207.44,34859.316,35759.426
135,Prague_3,2023-06-11,36354.754,34314.945,34935.285,36023.027,33999.92,33565.58,34692.5,33717.93,36512.44,33129.934,33624.723,33625.36,33589.81,135,32495.385,29887.146,30891.504,31434.867,32025.547,32495.385,33112.03,33535.086,34179.24,34911.883
136,Prague_3,2023-06-18,36354.754,34414.875,34935.355,36031.72,35126.242,34341.895,35639.61,33514.75,36723.19,33058.645,33540.32,33529.535,33485.918,136,31958.04,29402.895,30351.016,31187.682,31539.727,31958.04,32812.586,33442.605,34117.24,35118.62
137,Prague_3,2023-06-25,36354.754,34526.344,34935.41,36148.613,34987.426,33585.832,35279.008,33265.832,36810.684,32592.697,33093.504,33083.86,33042.934,137,31431.354,28393.764,29712.205,30256.205,30799.768,31431.354,31957.967,32428.04,33413.434,34528.625
138,Prague_3,2023-07-02,36354.754,34628.46,34935.453,37025.082,35063.832,33659.723,35350.996,33015.527,36854.895,32024.914,32541.926,32537.033,32495.182,138,30874.783,27890.56,29163.393,29802.355,30436.61,30874.783,31527.799,32127.713,32883.2,33989.39
139,Prague_3,2023-07-09,35704.387,34701.75,34935.49,35990.844,33220.746,31806.33,34539.438,32780.87,37042.11,30825.213,31400.111,31409.465,31377.764,139,30437.389,27391.766,28406.469,29265.07,29870.643,30437.389,31101.7,31761.107,32253.307,33232.176
140,Prague_3,2023-07-16,36354.754,34733.477,34935.516,37197.707,33915.4,32268.758,34881.098,32527.475,37167.3,31778.723,32560.459,32538.865,32457.607,140,30496.393,27151.018,28325.578,29114.6,29788.578,30496.393,30919.572,31587.818,32309.682,33558.414
141,Prague_3,2023-07-23,36354.754,34721.203,34935.54,37395.152,34558.746,32110.688,35119.38,32205.666,37176.66,31875.889,32723.893,32720.69,32653.338,141,30147.07,26712.877,28040.773,28873.256,29563.934,30147.07,30704.559,31357.434,32325.623,33237.047
142,Prague_3,2023-07-30,36354.754,34673.53,34935.555,37870.71,34304.664,31787.96,35089.34,31793.309,36911.35,31934.357,32800.586,32792.16,32720.635,142,30304.422,27078.896,28184.906,29088.889,29525.713,30304.422,31004.428,31498.307,32383.498,33668.297
143,Prague_3,2023-08-06,36354.754,34607.9,34935.57,38475.7,34753.434,30809.217,35114.59,31357.543,36924.668,32001.164,32846.33,32836.52,32770.953,143,30299.547,26782.322,28309.39,28993.014,29556.162,30299.547,30789.465,31457.629,32293.848,33685.832
144,Prague_3,2023-08-13,36354.754,34545.97,34935.582,38725.984,34794.42,30783.416,35210.97,31007.896,37133.973,32159.387,32974.16,32949.25,32872.465,144,30467.213,27260.922,28374.97,29057.78,29601.01,30467.213,31106.922,31839.621,32634.156,33796.906
145,Prague_3,2023-08-20,36354.754,34507.93,34935.59,38759.617,35645.695,31094.586,35570.277,30804.422,37469.78,32332.486,33119.395,33089.98,33016.54,145,30946.924,27680.195,28717.617,29610.408,30109.988,30946.924,31504.078,32416.518,33183.03,34528.836
146,Prague_3,2023-08-27,36354.754,34507.117,34935.598,38871.824,34768.055,31191.77,35469.105,30733.178,37988.38,32465.512,33234.117,33200.85,33121.645,146,31226.918,27808.1,28917.143,29783.453,30622.96,31226.918,31904.44,32940.902,33711.297,34877.582
147,Prague_3,2023-09-03,36354.754,34546.5,34935.605,39387.133,36208.7,31731.549,36365.066,30748.79,38342.195,32682.686,33435.613,33402.164,33325.652,147,31163.816,27537.426,28902.42,29726.596,30237.455,31163.816,31638.955,32727.64,33498.82,35007.363
148,Prague_3,2023-09-10,36354.754,34617.95,34935.61,39310.82,36653.137,31931.11,36897.027,30825.2,38683.836,32991.59,33780.79,33713.953,33589.285,148,31352.396,27784.209,29000.936,29661.11,30629.22,31352.396,31944.115,32830.68,33795.973,35039.844
149,Prague_3,2023-09-17,36354.754,34704.438,34935.613,39726.445,37624.125,32220.854,37575.117,30947.236,38921.938,33275.402,33985.438,33922.31,33801.86,149,31735.258,28313.756,29509.867,30155.982,31038.473,31735.258,32466.02,33219.082,34418.074,35326.562
150,Prague_3,2023-09-24,36354.754,34784.65,34935.617,39504.812,37933.883,32081.156,37910.38,31102.826,38933.434,33405.83,34017.688,33950.55,33833.113,150,31719.297,28155.977,29415.951,30409.287,31155.74,31719.297,32612.035,33425.867,34362.113,35865.41
151,Prague_3,2023-10-01,35726.0,34838.727,34935.617,39930.184,39392.57,33400.04,38971.79,31294.748,38977.67,33963.617,34531.645,34455.617,34336.582,151,32392.127,28257.559,29830.943,30706.592,31530.0,32392.127,33081.25,33948.074,34937.758,36355.62
152,Prague_3,2023-10-08,36354.754,34853.605,34935.62,40821.81,39332.84,33775.797,39485.22,31548.475,38989.81,33582.2,34119.38,34034.156,33908.625,152,32496.998,28714.336,30226.957,31191.88,31755.078,32496.998,33337.92,34261.79,35314.316,36636.887
153,Prague_3,2023-10-15,36354.754,34826.555,34935.62,41417.645,40059.133,34353.06,40264.7,31893.225,39076.33,33626.66,34109.87,34020.707,33896.613,153,32755.932,28777.672,30300.465,31057.95,31877.475,32755.932,33338.816,34320.12,35035.12,36758.074
154,Prague_3,2023-10-22,36354.754,34765.926,34935.625,41822.504,39962.402,34469.52,40708.098,32321.072,39377.8,33538.633,34024.703,33926.695,33795.285,154,33004.13,28944.42,30424.467,31317.959,32181.91,33004.13,33721.91,34532.594,35643.83,36969.03
155,Prague_3,2023-10-29,35726.0,34688.92,34935.625,41338.96,40071.54,35580.85,40824.836,32770.652,39518.39,33850.117,34366.0,34266.04,34131.645,155,32751.086,28770.256,30240.498,31127.295,31963.414,32751.086,33532.65,34461.176,35492.41,36861.742
156,Prague_3,2023-11-05,36354.754,34617.03,34935.625,42010.895,41587.746,35992.5,41689.227,33195.45,39800.934,33382.562,34023.758,33913.453,33756.72,156,32926.367,28506.238,30201.617,31023.918,31868.0,32926.367,33694.61,34539.555,35664.258,37466.86
157,Prague_3,2023-11-12,36354.754,34570.25,34935.625,42254.39,41976.203,36229.504,42558.99,33611.44,39848.027,33539.266,34153.137,34057.63,33909.99,157,32875.383,28447.246,30102.414,31139.436,32059.04,32875.383,34023.812,34947.24,36032.066,37711.656
158,Prague_3,2023-11-19,36029.57,34561.77,34935.625,41963.043,43181.79,36945.49,43384.75,34023.68,39787.098,35032.504,35617.566,35524.51,35380.047,158,33130.523,28653.326,30377.535,31449.164,32343.682,33130.523,33959.953,34914.785,36177.777,38058.984
159,Prague_3,2023-11-26,36354.754,34594.43,34935.625,42203.48,41882.855,36239.125,43580.84,34389.547,39394.55,33833.348,34358.316,34257.414,34112.258,159,32770.504,28565.596,30157.998,31017.588,32136.412,32770.504,33804.62,34595.99,35974.746,37556.332
160,Prague_3,2023-12-03,36354.754,34659.984,34935.625,42629.906,43208.63,37212.63,44791.78,34664.613,39084.98,34097.082,34605.64,34503.016,34356.72,160,32982.934,28583.121,30159.88,31385.977,32182.662,32982.934,34034.773,34948.645,36106.68,37768.66
161,Prague_3,2023-12-10,36354.754,34741.3,34935.63,42864.086,43017.863,37894.867,45374.98,34858.637,38978.89,34302.902,34771.395,34667.11,34524.934,161,33186.043,28736.031,30373.291,31283.63,32385.537,33186.043,34189.3,35068.895,36237.75,38189.23
162,Prague_3,2023-12-17,36354.754,34816.98,34935.63,43123.406,43846.14,38736.016,46255.56,35019.133,39056.88,34395.46,34826.246,34718.63,34573.535,162,33096.387,28742.184,30507.078,31503.713,32321.834,33096.387,34135.52,34994.758,36183.035,38097.047
163,Prague_3,2023-12-24,36029.57,34867.08,34935.63,42490.59,43528.61,38101.227,45971.22,35187.547,39248.906,35488.91,36077.273,35973.723,35830.17,163,32175.68,28234.39,29547.188,30807.172,31643.56,32175.68,33261.043,33997.87,35337.44,37009.33
164,Prague_3,2023-12-31,35726.0,34878.47,34935.63,41544.234,41950.26,38589.945,45732.93,35374.613,39449.684,34284.13,34984.22,34883.316,34735.363,164,31462.986,27343.625,28778.492,29850.625,30561.566,31462.986,32240.584,33260.777,34065.168,35887.504
165,Prague_3,2024-01-07,35726.0,34848.363,34935.63,41697.33,43737.035,39697.902,46816.25,35538.754,39721.223,34383.51,35060.637,34976.16,34844.26,165,31366.195,27295.363,28762.023,29859.547,30652.984,31366.195,32372.678,33005.594,34368.246,35903.145
166,Prague_3,2024-01-14,36354.754,34785.05,34935.63,42097.695,43882.812,40498.477,47892.69,35647.85,39625.316,33970.5,34612.39,34525.805,34396.06,166,32103.393,27900.895,29339.145,30347.908,31487.258,32103.393,33081.91,34055.176,35106.3,36892.176
167,Prague_3,2024-01-21,36354.754,34705.695,34935.63,42393.137,45331.336,41819.727,48916.133,35710.043,39493.7,34017.242,34621.68,34532.62,34406.062,167,32879.258,28794.959,30299.025,31128.256,32111.6,32879.258,33855.434,34807.402,35713.637,37662.62
168,Prague_3,2024-01-28,36354.754,34631.74,34935.63,42659.875,45623.68,43372.867,49440.824,35743.348,39566.246,34031.918,34613.832,34517.47,34386.46,168,32684.559,28860.83,30226.77,30982.602,32060.129,32684.559,33627.383,34562.375,35827.953,37366.113
169,Prague_3,2024-02-04,36354.754,34583.15,34935.63,43045.645,45842.234,42466.66,49806.805,35760.77,39376.97,34026.332,34600.508,34502.617,34371.465,169,33038.184,28910.09,30432.936,31414.707,32132.469,33038.184,33782.57,34660.727,35749.195,37548.617
170,Prague_3,2024-02-11,35692.42,34573.082,34935.63,42124.48,45534.91,42013.883,49788.734,35769.98,39588.656,33984.566,34556.734,34457.32,34324.363,170,33217.38,28982.045,30627.553,31493.29,32122.557,33217.38,33824.277,34775.81,36077.04,37756.684
171,Prague_3,2024-02-18,36354.754,34604.35,34935.63,42493.027,45290.42,41144.945,49903.684,35775.332,39850.69,33874.38,34475.66,34380.492,34252.57,171,32937.32,28948.895,30399.914,31404.88,32172.76,32937.32,33883.52,34627.137,35777.42,37688.746
172,Prague_3,2024-02-25,36354.754,34668.684,34935.63,42335.438,44643.945,40404.723,49311.242,35779.22,39664.03,33769.566,34511.3,34410.387,34259.387,172,32928.566,28879.326,30338.129,31305.268,32081.766,32928.566,33710.824,34779.344,35670.215,37564.848
173,Prague_3,2024-03-03,36354.754,34748.93,34935.63,42397.203,44117.89,40893.332,49775.23,35782.875,40098.11,33790.293,34513.254,34420.54,34279.25,173,32612.91,28773.254,30194.268,31075.93,31770.424,32612.91,33359.457,34211.797,35481.15,37075.062
174,Prague_3,2024-03-10,36354.754,34823.67,34935.63,42469.71,44256.82,41332.44,50090.38,35786.79,40588.16,33831.61,34508.77,34410.0,34269.527,174,32369.39,28600.896,30077.1,30839.482,31851.195,32369.39,33653.055,34409.016,35719.35,37384.418
175,Prague_3,2024-03-17,36354.754,34872.95,34935.63,42330.883,43928.766,41240.324,50212.56,35791.04,40544.18,33718.316,34368.758,34270.45,34136.49,175,32797.176,28712.277,30212.285,31170.59,31919.855,32797.176,33586.395,34568.605,35953.42,37775.203
